[
  {
    "Event": {
      "@xmlns": "http://schemas.microsoft.com/win/2004/08/events/event",
      "System": {
        "Provider": {
          "@Name": "Microsoft-Windows-Security-Auditing",
          "@Guid": "{54849625-5478-4994-a5ba-3e3b0328c30d}"
        },
        "EventID": {
          "@Qualifiers": "",
          "#text": "4732"
        },
        "Version": "0",
        "Level": "0",
        "Task": "13826",
        "Opcode": "0",
        "Keywords": "0x8020000000000000",
        "TimeCreated": {
          "@SystemTime": "2019-09-22 11:22:05.201725+00:00"
        },
        "EventRecordID": "191029",
        "Correlation": {
          "@ActivityID": "{15957a0b-7182-0000-a07a-95158271d501}",
          "@RelatedActivityID": ""
        },
        "Execution": {
          "@ProcessID": "624",
          "@ThreadID": "4452"
        },
        "Channel": "Security",
        "Computer": "MSEDGEWIN10",
        "Security": {
          "@UserID": ""
        }
      },
      "EventData": {
        "Data": [
          {
            "@Name": "MemberName",
            "#text": "-"
          },
          {
            "@Name": "MemberSid",
            "#text": "S-1-5-21-3461203602-4096304019-2269080069-501"
          },
          {
            "@Name": "TargetUserName",
            "#text": "Administrators"
          },
          {
            "@Name": "TargetDomainName",
            "#text": "Builtin"
          },
          {
            "@Name": "TargetSid",
            "#text": "S-1-5-32-544"
          },
          {
            "@Name": "SubjectUserSid",
            "#text": "S-1-5-21-3461203602-4096304019-2269080069-1000"
          },
          {
            "@Name": "SubjectUserName",
            "#text": "IEUser"
          },
          {
            "@Name": "SubjectDomainName",
            "#text": "MSEDGEWIN10"
          },
          {
            "@Name": "SubjectLogonId",
            "#text": "0x000000000027a10f"
          },
          {
            "@Name": "PrivilegeList",
            "#text": "-"
          }
        ]
      }
    }
  },
  {
    "Event": {
      "@xmlns": "http://schemas.microsoft.com/win/2004/08/events/event",
      "System": {
        "Provider": {
          "@Name": "Microsoft-Windows-Security-Auditing",
          "@Guid": "{54849625-5478-4994-a5ba-3e3b0328c30d}"
        },
        "EventID": {
          "@Qualifiers": "",
          "#text": "4732"
        },
        "Version": "0",
        "Level": "0",
        "Task": "13826",
        "Opcode": "0",
        "Keywords": "0x8020000000000000",
        "TimeCreated": {
          "@SystemTime": "2019-09-22 11:23:19.251926+00:00"
        },
        "EventRecordID": "191030",
        "Correlation": {
          "@ActivityID": "{15957a0b-7182-0000-a07a-95158271d501}",
          "@RelatedActivityID": ""
        },
        "Execution": {
          "@ProcessID": "624",
          "@ThreadID": "5108"
        },
        "Channel": "Security",
        "Computer": "MSEDGEWIN10",
        "Security": {
          "@UserID": ""
        }
      },
      "EventData": {
        "Data": [
          {
            "@Name": "MemberName",
            "#text": "-"
          },
          {
            "@Name": "MemberSid",
            "#text": "S-1-5-20"
          },
          {
            "@Name": "TargetUserName",
            "#text": "Administrators"
          },
          {
            "@Name": "TargetDomainName",
            "#text": "Builtin"
          },
          {
            "@Name": "TargetSid",
            "#text": "S-1-5-32-544"
          },
          {
            "@Name": "SubjectUserSid",
            "#text": "S-1-5-21-3461203602-4096304019-2269080069-1000"
          },
          {
            "@Name": "SubjectUserName",
            "#text": "IEUser"
          },
          {
            "@Name": "SubjectDomainName",
            "#text": "MSEDGEWIN10"
          },
          {
            "@Name": "SubjectLogonId",
            "#text": "0x000000000027a10f"
          },
          {
            "@Name": "PrivilegeList",
            "#text": "-"
          }
        ]
      }
    }
  }
]