[
  {
    "Event": {
      "@xmlns": "http://schemas.microsoft.com/win/2004/08/events/event",
      "System": {
        "Provider": {
          "@Name": "Microsoft-Windows-Sysmon",
          "@Guid": "{5770385f-c22a-43e0-bf4c-06f5698ffbd9}"
        },
        "EventID": {
          "@Qualifiers": "",
          "#text": "13"
        },
        "Version": "2",
        "Level": "4",
        "Task": "13",
        "Opcode": "0",
        "Keywords": "0x8000000000000000",
        "TimeCreated": {
          "@SystemTime": "2019-05-21 01:10:05.290459+00:00"
        },
        "EventRecordID": "445",
        "Correlation": {
          "@ActivityID": "",
          "@RelatedActivityID": ""
        },
        "Execution": {
          "@ProcessID": "3416",
          "@ThreadID": "3496"
        },
        "Channel": "Microsoft-Windows-Sysmon/Operational",
        "Computer": "IEWIN7",
        "Security": {
          "@UserID": "S-1-5-18"
        }
      },
      "EventData": {
        "Data": [
          {
            "@Name": "RuleName"
          },
          {
            "@Name": "EventType",
            "#text": "SetValue"
          },
          {
            "@Name": "UtcTime",
            "#text": "2019-05-21 01:10:05.270"
          },
          {
            "@Name": "ProcessGuid",
            "#text": "{365abb72-4fed-5ce3-0000-001031174900}"
          },
          {
            "@Name": "ProcessId",
            "#text": "3808"
          },
          {
            "@Name": "Image",
            "#text": "C:\\Windows\\system32\\reg.exe"
          },
          {
            "@Name": "TargetObject",
            "#text": "HKU\\S-1-5-21-3583694148-1414552638-2922671848-1000_CLASSES\\CLSID\\{49CBB1C7-97D1-485A-9EC1-A26065633066}\\InProcServer32\\{Default}"
          },
          {
            "@Name": "Details",
            "#text": "C:\\Users\\User\\Documents\\mapid.tlb"
          }
        ]
      }
    }
  },
  {
    "Event": {
      "@xmlns": "http://schemas.microsoft.com/win/2004/08/events/event",
      "System": {
        "Provider": {
          "@Name": "Microsoft-Windows-Sysmon",
          "@Guid": "{5770385f-c22a-43e0-bf4c-06f5698ffbd9}"
        },
        "EventID": {
          "@Qualifiers": "",
          "#text": "13"
        },
        "Version": "2",
        "Level": "4",
        "Task": "13",
        "Opcode": "0",
        "Keywords": "0x8000000000000000",
        "TimeCreated": {
          "@SystemTime": "2019-05-21 01:10:44.807281+00:00"
        },
        "EventRecordID": "447",
        "Correlation": {
          "@ActivityID": "",
          "@RelatedActivityID": ""
        },
        "Execution": {
          "@ProcessID": "3416",
          "@ThreadID": "3496"
        },
        "Channel": "Microsoft-Windows-Sysmon/Operational",
        "Computer": "IEWIN7",
        "Security": {
          "@UserID": "S-1-5-18"
        }
      },
      "EventData": {
        "Data": [
          {
            "@Name": "RuleName"
          },
          {
            "@Name": "EventType",
            "#text": "SetValue"
          },
          {
            "@Name": "UtcTime",
            "#text": "2019-05-21 01:10:44.797"
          },
          {
            "@Name": "ProcessGuid",
            "#text": "{365abb72-5014-5ce3-0000-00105c444900}"
          },
          {
            "@Name": "ProcessId",
            "#text": "3860"
          },
          {
            "@Name": "Image",
            "#text": "C:\\Windows\\system32\\reg.exe"
          },
          {
            "@Name": "TargetObject",
            "#text": "HKU\\S-1-5-21-3583694148-1414552638-2922671848-1000_CLASSES\\CLSID\\{49CBB1C7-97D1-485A-9EC1-A26065633066}\\InProcServer32\\ThreadingModel"
          },
          {
            "@Name": "Details",
            "#text": "Apartment"
          }
        ]
      }
    }
  },
  {
    "Event": {
      "@xmlns": "http://schemas.microsoft.com/win/2004/08/events/event",
      "System": {
        "Provider": {
          "@Name": "Microsoft-Windows-Sysmon",
          "@Guid": "{5770385f-c22a-43e0-bf4c-06f5698ffbd9}"
        },
        "EventID": {
          "@Qualifiers": "",
          "#text": "13"
        },
        "Version": "2",
        "Level": "4",
        "Task": "13",
        "Opcode": "0",
        "Keywords": "0x8000000000000000",
        "TimeCreated": {
          "@SystemTime": "2019-05-21 01:10:52.468296+00:00"
        },
        "EventRecordID": "449",
        "Correlation": {
          "@ActivityID": "",
          "@RelatedActivityID": ""
        },
        "Execution": {
          "@ProcessID": "3416",
          "@ThreadID": "3496"
        },
        "Channel": "Microsoft-Windows-Sysmon/Operational",
        "Computer": "IEWIN7",
        "Security": {
          "@UserID": "S-1-5-18"
        }
      },
      "EventData": {
        "Data": [
          {
            "@Name": "RuleName"
          },
          {
            "@Name": "EventType",
            "#text": "SetValue"
          },
          {
            "@Name": "UtcTime",
            "#text": "2019-05-21 01:10:52.458"
          },
          {
            "@Name": "ProcessGuid",
            "#text": "{365abb72-501c-5ce3-0000-0010b5494900}"
          },
          {
            "@Name": "ProcessId",
            "#text": "2952"
          },
          {
            "@Name": "Image",
            "#text": "C:\\Windows\\system32\\reg.exe"
          },
          {
            "@Name": "TargetObject",
            "#text": "HKU\\S-1-5-21-3583694148-1414552638-2922671848-1000_CLASSES\\CLSID\\{84DA0A92-25E0-11D3-B9F7-00C04F4C8F5D}\\TreatAs\\{Default}"
          },
          {
            "@Name": "Details",
            "#text": "{49CBB1C7-97D1-485A-9EC1-A26065633066}"
          }
        ]
      }
    }
  }
]