[
  {
    "Event": {
      "@xmlns": "http://schemas.microsoft.com/win/2004/08/events/event",
      "System": {
        "Provider": {
          "@Name": "Microsoft-Windows-Winsock-WS2HELP",
          "@Guid": "{d5c25f9a-4d47-493e-9184-40dd397a004d}"
        },
        "EventID": {
          "@Qualifiers": "",
          "#text": "1"
        },
        "Version": "0",
        "Level": "0",
        "Task": "0",
        "Opcode": "0",
        "Keywords": "0x8000000000000000",
        "TimeCreated": {
          "@SystemTime": "2019-08-23 12:37:37.100801+00:00"
        },
        "EventRecordID": "1",
        "Correlation": {
          "@ActivityID": "",
          "@RelatedActivityID": ""
        },
        "Execution": {
          "@ProcessID": "5180",
          "@ThreadID": "1088"
        },
        "Channel": "Microsoft-Windows-Winsock-WS2HELP/Operational",
        "Computer": "MSEDGEWIN10",
        "Security": {
          "@UserID": "S-1-5-18"
        }
      },
      "EventData": {
        "Data": [
          {
            "@Name": "LSPName",
            "#text": "PROXYCAP LSP"
          },
          {
            "@Name": "Catalog",
            "#text": "32"
          },
          {
            "@Name": "Installer",
            "#text": "C:\\Windows\\System32\\MsiExec.exe"
          },
          {
            "@Name": "GUID",
            "#text": "{7e35f09e-cf45-cf00-3594-397712626d0f}"
          },
          {
            "@Name": "Category",
            "#text": "1016"
          }
        ]
      }
    }
  },
  {
    "Event": {
      "@xmlns": "http://schemas.microsoft.com/win/2004/08/events/event",
      "System": {
        "Provider": {
          "@Name": "Microsoft-Windows-Winsock-WS2HELP",
          "@Guid": "{d5c25f9a-4d47-493e-9184-40dd397a004d}"
        },
        "EventID": {
          "@Qualifiers": "",
          "#text": "1"
        },
        "Version": "0",
        "Level": "0",
        "Task": "0",
        "Opcode": "0",
        "Keywords": "0x8000000000000000",
        "TimeCreated": {
          "@SystemTime": "2019-08-23 12:37:38.521158+00:00"
        },
        "EventRecordID": "2",
        "Correlation": {
          "@ActivityID": "",
          "@RelatedActivityID": ""
        },
        "Execution": {
          "@ProcessID": "5284",
          "@ThreadID": "8096"
        },
        "Channel": "Microsoft-Windows-Winsock-WS2HELP/Operational",
        "Computer": "MSEDGEWIN10",
        "Security": {
          "@UserID": "S-1-5-18"
        }
      },
      "EventData": {
        "Data": [
          {
            "@Name": "LSPName",
            "#text": "PROXYCAP LSP"
          },
          {
            "@Name": "Catalog",
            "#text": "32"
          },
          {
            "@Name": "Installer",
            "#text": "C:\\Windows\\syswow64\\MsiExec.exe"
          },
          {
            "@Name": "GUID",
            "#text": "{7e35f09e-cf45-cf00-3594-397712626d0f}"
          },
          {
            "@Name": "Category",
            "#text": "1021"
          }
        ]
      }
    }
  }
]