[
  {
    "Event": {
      "@xmlns": "http://schemas.microsoft.com/win/2004/08/events/event",
      "System": {
        "Provider": {
          "@Name": "Microsoft-Windows-Sysmon",
          "@Guid": "{5770385f-c22a-43e0-bf4c-06f5698ffbd9}"
        },
        "EventID": {
          "@Qualifiers": "",
          "#text": "13"
        },
        "Version": "2",
        "Level": "4",
        "Task": "13",
        "Opcode": "0",
        "Keywords": "0x8000000000000000",
        "TimeCreated": {
          "@SystemTime": "2019-05-28 23:09:38.589832+00:00"
        },
        "EventRecordID": "6625",
        "Correlation": {
          "@ActivityID": "",
          "@RelatedActivityID": ""
        },
        "Execution": {
          "@ProcessID": "2032",
          "@ThreadID": "2420"
        },
        "Channel": "Microsoft-Windows-Sysmon/Operational",
        "Computer": "IEWIN7",
        "Security": {
          "@UserID": "S-1-5-18"
        }
      },
      "EventData": {
        "Data": [
          {
            "@Name": "RuleName",
            "#text": "Persistence - Startup User Shell Folder Modified"
          },
          {
            "@Name": "EventType",
            "#text": "SetValue"
          },
          {
            "@Name": "UtcTime",
            "#text": "2019-05-28 23:09:38.589"
          },
          {
            "@Name": "ProcessGuid",
            "#text": "{365abb72-bfb2-5ced-0000-0010f2c03600}"
          },
          {
            "@Name": "ProcessId",
            "#text": "1520"
          },
          {
            "@Name": "Image",
            "#text": "C:\\Windows\\system32\\reg.exe"
          },
          {
            "@Name": "TargetObject",
            "#text": "HKU\\S-1-5-21-3583694148-1414552638-2922671848-1000\\Software\\Microsoft\\Windows\\CurrentVersion\\Explorer\\User Shell Folders\\startup"
          },
          {
            "@Name": "Details",
            "#text": "c:\\programdata\\StartupNewHomeAddress"
          }
        ]
      }
    }
  }
]