[
  {
    "Event": {
      "@xmlns": "http://schemas.microsoft.com/win/2004/08/events/event",
      "System": {
        "Provider": {
          "@Name": "Microsoft-Windows-Sysmon",
          "@Guid": "{5770385f-c22a-43e0-bf4c-06f5698ffbd9}"
        },
        "EventID": {
          "@Qualifiers": "",
          "#text": "1"
        },
        "Version": "5",
        "Level": "4",
        "Task": "1",
        "Opcode": "0",
        "Keywords": "0x8000000000000000",
        "TimeCreated": {
          "@SystemTime": "2019-06-19 17:22:37.897139+00:00"
        },
        "EventRecordID": "8033",
        "Correlation": {
          "@ActivityID": "",
          "@RelatedActivityID": ""
        },
        "Execution": {
          "@ProcessID": "284",
          "@ThreadID": "2076"
        },
        "Channel": "Microsoft-Windows-Sysmon/Operational",
        "Computer": "IEWIN7",
        "Security": {
          "@UserID": "S-1-5-18"
        }
      },
      "EventData": {
        "Data": [
          {
            "@Name": "RuleName"
          },
          {
            "@Name": "UtcTime",
            "#text": "2019-06-19 17:22:37.881"
          },
          {
            "@Name": "ProcessGuid",
            "#text": "{365abb72-6f5d-5d0a-0000-00109b331300}"
          },
          {
            "@Name": "ProcessId",
            "#text": "1356"
          },
          {
            "@Name": "Image",
            "#text": "C:\\Windows\\System32\\reg.exe"
          },
          {
            "@Name": "FileVersion",
            "#text": "6.1.7600.16385 (win7_rtm.090713-1255)"
          },
          {
            "@Name": "Description",
            "#text": "Registry Console Tool"
          },
          {
            "@Name": "Product",
            "#text": "Microsoft\u00ae Windows\u00ae Operating System"
          },
          {
            "@Name": "Company",
            "#text": "Microsoft Corporation"
          },
          {
            "@Name": "CommandLine",
            "#text": "reg  add \"HKLM\\SOFTWARE\\Microsoft\\Windows NT\\CurrentVersion\\Image File Execution Options\\notepad.exe\" /v GlobalFlag /t REG_DWORD /d 512"
          },
          {
            "@Name": "CurrentDirectory",
            "#text": "C:\\Windows\\system32\\"
          },
          {
            "@Name": "User",
            "#text": "IEWIN7\\IEUser"
          },
          {
            "@Name": "LogonGuid",
            "#text": "{365abb72-6d1b-5d0a-0000-0020a4340100}"
          },
          {
            "@Name": "LogonId",
            "#text": "0x00000000000134a4"
          },
          {
            "@Name": "TerminalSessionId",
            "#text": "1"
          },
          {
            "@Name": "IntegrityLevel",
            "#text": "High"
          },
          {
            "@Name": "Hashes",
            "#text": "SHA1=8BD131B03D6BA865B228CA8EE3239D2EF2B90B74,MD5=D69A9ABBB0D795F21995C2F48C1EB560,SHA256=36414C7E57AFA6136D77FD47F4C55102E35F2475FBCD719728DA7D14B1590E2A,IMPHASH=BC564726CFF18A49EBC14784593A51CA"
          },
          {
            "@Name": "ParentProcessGuid",
            "#text": "{365abb72-6d98-5d0a-0000-00109e420b00}"
          },
          {
            "@Name": "ParentProcessId",
            "#text": "3924"
          },
          {
            "@Name": "ParentImage",
            "#text": "C:\\Windows\\System32\\cmd.exe"
          },
          {
            "@Name": "ParentCommandLine",
            "#text": "\"C:\\Windows\\System32\\cmd.exe\""
          }
        ]
      }
    }
  },
  {
    "Event": {
      "@xmlns": "http://schemas.microsoft.com/win/2004/08/events/event",
      "System": {
        "Provider": {
          "@Name": "Microsoft-Windows-Sysmon",
          "@Guid": "{5770385f-c22a-43e0-bf4c-06f5698ffbd9}"
        },
        "EventID": {
          "@Qualifiers": "",
          "#text": "13"
        },
        "Version": "2",
        "Level": "4",
        "Task": "13",
        "Opcode": "0",
        "Keywords": "0x8000000000000000",
        "TimeCreated": {
          "@SystemTime": "2019-06-19 17:22:41.709639+00:00"
        },
        "EventRecordID": "8034",
        "Correlation": {
          "@ActivityID": "",
          "@RelatedActivityID": ""
        },
        "Execution": {
          "@ProcessID": "284",
          "@ThreadID": "2076"
        },
        "Channel": "Microsoft-Windows-Sysmon/Operational",
        "Computer": "IEWIN7",
        "Security": {
          "@UserID": "S-1-5-18"
        }
      },
      "EventData": {
        "Data": [
          {
            "@Name": "RuleName"
          },
          {
            "@Name": "EventType",
            "#text": "SetValue"
          },
          {
            "@Name": "UtcTime",
            "#text": "2019-06-19 17:22:41.709"
          },
          {
            "@Name": "ProcessGuid",
            "#text": "{365abb72-6f5d-5d0a-0000-00109b331300}"
          },
          {
            "@Name": "ProcessId",
            "#text": "1356"
          },
          {
            "@Name": "Image",
            "#text": "C:\\Windows\\system32\\reg.exe"
          },
          {
            "@Name": "TargetObject",
            "#text": "HKLM\\SOFTWARE\\Microsoft\\Windows NT\\CurrentVersion\\Image File Execution Options\\notepad.exe\\GlobalFlag"
          },
          {
            "@Name": "Details",
            "#text": "DWORD (0x00000200)"
          }
        ]
      }
    }
  },
  {
    "Event": {
      "@xmlns": "http://schemas.microsoft.com/win/2004/08/events/event",
      "System": {
        "Provider": {
          "@Name": "Microsoft-Windows-Sysmon",
          "@Guid": "{5770385f-c22a-43e0-bf4c-06f5698ffbd9}"
        },
        "EventID": {
          "@Qualifiers": "",
          "#text": "1"
        },
        "Version": "5",
        "Level": "4",
        "Task": "1",
        "Opcode": "0",
        "Keywords": "0x8000000000000000",
        "TimeCreated": {
          "@SystemTime": "2019-06-19 17:22:41.709639+00:00"
        },
        "EventRecordID": "8035",
        "Correlation": {
          "@ActivityID": "",
          "@RelatedActivityID": ""
        },
        "Execution": {
          "@ProcessID": "284",
          "@ThreadID": "2076"
        },
        "Channel": "Microsoft-Windows-Sysmon/Operational",
        "Computer": "IEWIN7",
        "Security": {
          "@UserID": "S-1-5-18"
        }
      },
      "EventData": {
        "Data": [
          {
            "@Name": "RuleName"
          },
          {
            "@Name": "UtcTime",
            "#text": "2019-06-19 17:22:41.709"
          },
          {
            "@Name": "ProcessGuid",
            "#text": "{365abb72-6f61-5d0a-0000-0010db351300}"
          },
          {
            "@Name": "ProcessId",
            "#text": "2504"
          },
          {
            "@Name": "Image",
            "#text": "C:\\Windows\\System32\\reg.exe"
          },
          {
            "@Name": "FileVersion",
            "#text": "6.1.7600.16385 (win7_rtm.090713-1255)"
          },
          {
            "@Name": "Description",
            "#text": "Registry Console Tool"
          },
          {
            "@Name": "Product",
            "#text": "Microsoft\u00ae Windows\u00ae Operating System"
          },
          {
            "@Name": "Company",
            "#text": "Microsoft Corporation"
          },
          {
            "@Name": "CommandLine",
            "#text": "reg  add \"HKLM\\SOFTWARE\\Microsoft\\Windows NT\\CurrentVersion\\SilentProcessExit\\notepad.exe\" /v ReportingMode /t REG_DWORD /d 1"
          },
          {
            "@Name": "CurrentDirectory",
            "#text": "C:\\Windows\\system32\\"
          },
          {
            "@Name": "User",
            "#text": "IEWIN7\\IEUser"
          },
          {
            "@Name": "LogonGuid",
            "#text": "{365abb72-6d1b-5d0a-0000-0020a4340100}"
          },
          {
            "@Name": "LogonId",
            "#text": "0x00000000000134a4"
          },
          {
            "@Name": "TerminalSessionId",
            "#text": "1"
          },
          {
            "@Name": "IntegrityLevel",
            "#text": "High"
          },
          {
            "@Name": "Hashes",
            "#text": "SHA1=8BD131B03D6BA865B228CA8EE3239D2EF2B90B74,MD5=D69A9ABBB0D795F21995C2F48C1EB560,SHA256=36414C7E57AFA6136D77FD47F4C55102E35F2475FBCD719728DA7D14B1590E2A,IMPHASH=BC564726CFF18A49EBC14784593A51CA"
          },
          {
            "@Name": "ParentProcessGuid",
            "#text": "{365abb72-6d98-5d0a-0000-00109e420b00}"
          },
          {
            "@Name": "ParentProcessId",
            "#text": "3924"
          },
          {
            "@Name": "ParentImage",
            "#text": "C:\\Windows\\System32\\cmd.exe"
          },
          {
            "@Name": "ParentCommandLine",
            "#text": "\"C:\\Windows\\System32\\cmd.exe\""
          }
        ]
      }
    }
  },
  {
    "Event": {
      "@xmlns": "http://schemas.microsoft.com/win/2004/08/events/event",
      "System": {
        "Provider": {
          "@Name": "Microsoft-Windows-Sysmon",
          "@Guid": "{5770385f-c22a-43e0-bf4c-06f5698ffbd9}"
        },
        "EventID": {
          "@Qualifiers": "",
          "#text": "13"
        },
        "Version": "2",
        "Level": "4",
        "Task": "13",
        "Opcode": "0",
        "Keywords": "0x8000000000000000",
        "TimeCreated": {
          "@SystemTime": "2019-06-19 17:22:43.944012+00:00"
        },
        "EventRecordID": "8036",
        "Correlation": {
          "@ActivityID": "",
          "@RelatedActivityID": ""
        },
        "Execution": {
          "@ProcessID": "284",
          "@ThreadID": "2076"
        },
        "Channel": "Microsoft-Windows-Sysmon/Operational",
        "Computer": "IEWIN7",
        "Security": {
          "@UserID": "S-1-5-18"
        }
      },
      "EventData": {
        "Data": [
          {
            "@Name": "RuleName",
            "#text": "Persistence via SilentProcessExit hijack"
          },
          {
            "@Name": "EventType",
            "#text": "SetValue"
          },
          {
            "@Name": "UtcTime",
            "#text": "2019-06-19 17:22:43.912"
          },
          {
            "@Name": "ProcessGuid",
            "#text": "{365abb72-6f61-5d0a-0000-0010db351300}"
          },
          {
            "@Name": "ProcessId",
            "#text": "2504"
          },
          {
            "@Name": "Image",
            "#text": "C:\\Windows\\system32\\reg.exe"
          },
          {
            "@Name": "TargetObject",
            "#text": "HKLM\\SOFTWARE\\Microsoft\\Windows NT\\CurrentVersion\\SilentProcessExit\\notepad.exe\\ReportingMode"
          },
          {
            "@Name": "Details",
            "#text": "DWORD (0x00000001)"
          }
        ]
      }
    }
  },
  {
    "Event": {
      "@xmlns": "http://schemas.microsoft.com/win/2004/08/events/event",
      "System": {
        "Provider": {
          "@Name": "Microsoft-Windows-Sysmon",
          "@Guid": "{5770385f-c22a-43e0-bf4c-06f5698ffbd9}"
        },
        "EventID": {
          "@Qualifiers": "",
          "#text": "1"
        },
        "Version": "5",
        "Level": "4",
        "Task": "1",
        "Opcode": "0",
        "Keywords": "0x8000000000000000",
        "TimeCreated": {
          "@SystemTime": "2019-06-19 17:22:43.944012+00:00"
        },
        "EventRecordID": "8037",
        "Correlation": {
          "@ActivityID": "",
          "@RelatedActivityID": ""
        },
        "Execution": {
          "@ProcessID": "284",
          "@ThreadID": "2076"
        },
        "Channel": "Microsoft-Windows-Sysmon/Operational",
        "Computer": "IEWIN7",
        "Security": {
          "@UserID": "S-1-5-18"
        }
      },
      "EventData": {
        "Data": [
          {
            "@Name": "RuleName"
          },
          {
            "@Name": "UtcTime",
            "#text": "2019-06-19 17:22:43.928"
          },
          {
            "@Name": "ProcessGuid",
            "#text": "{365abb72-6f63-5d0a-0000-0010f93a1300}"
          },
          {
            "@Name": "ProcessId",
            "#text": "1956"
          },
          {
            "@Name": "Image",
            "#text": "C:\\Windows\\System32\\reg.exe"
          },
          {
            "@Name": "FileVersion",
            "#text": "6.1.7600.16385 (win7_rtm.090713-1255)"
          },
          {
            "@Name": "Description",
            "#text": "Registry Console Tool"
          },
          {
            "@Name": "Product",
            "#text": "Microsoft\u00ae Windows\u00ae Operating System"
          },
          {
            "@Name": "Company",
            "#text": "Microsoft Corporation"
          },
          {
            "@Name": "CommandLine",
            "#text": "reg  add \"HKLM\\SOFTWARE\\Microsoft\\Windows NT\\CurrentVersion\\SilentProcessExit\\notepad.exe\" /v MonitorProcess /d \"C:\\windows\\temp\\evil.exe\""
          },
          {
            "@Name": "CurrentDirectory",
            "#text": "C:\\Windows\\system32\\"
          },
          {
            "@Name": "User",
            "#text": "IEWIN7\\IEUser"
          },
          {
            "@Name": "LogonGuid",
            "#text": "{365abb72-6d1b-5d0a-0000-0020a4340100}"
          },
          {
            "@Name": "LogonId",
            "#text": "0x00000000000134a4"
          },
          {
            "@Name": "TerminalSessionId",
            "#text": "1"
          },
          {
            "@Name": "IntegrityLevel",
            "#text": "High"
          },
          {
            "@Name": "Hashes",
            "#text": "SHA1=8BD131B03D6BA865B228CA8EE3239D2EF2B90B74,MD5=D69A9ABBB0D795F21995C2F48C1EB560,SHA256=36414C7E57AFA6136D77FD47F4C55102E35F2475FBCD719728DA7D14B1590E2A,IMPHASH=BC564726CFF18A49EBC14784593A51CA"
          },
          {
            "@Name": "ParentProcessGuid",
            "#text": "{365abb72-6d98-5d0a-0000-00109e420b00}"
          },
          {
            "@Name": "ParentProcessId",
            "#text": "3924"
          },
          {
            "@Name": "ParentImage",
            "#text": "C:\\Windows\\System32\\cmd.exe"
          },
          {
            "@Name": "ParentCommandLine",
            "#text": "\"C:\\Windows\\System32\\cmd.exe\""
          }
        ]
      }
    }
  },
  {
    "Event": {
      "@xmlns": "http://schemas.microsoft.com/win/2004/08/events/event",
      "System": {
        "Provider": {
          "@Name": "Microsoft-Windows-Sysmon",
          "@Guid": "{5770385f-c22a-43e0-bf4c-06f5698ffbd9}"
        },
        "EventID": {
          "@Qualifiers": "",
          "#text": "13"
        },
        "Version": "2",
        "Level": "4",
        "Task": "13",
        "Opcode": "0",
        "Keywords": "0x8000000000000000",
        "TimeCreated": {
          "@SystemTime": "2019-06-19 17:22:45.694012+00:00"
        },
        "EventRecordID": "8038",
        "Correlation": {
          "@ActivityID": "",
          "@RelatedActivityID": ""
        },
        "Execution": {
          "@ProcessID": "284",
          "@ThreadID": "2076"
        },
        "Channel": "Microsoft-Windows-Sysmon/Operational",
        "Computer": "IEWIN7",
        "Security": {
          "@UserID": "S-1-5-18"
        }
      },
      "EventData": {
        "Data": [
          {
            "@Name": "RuleName",
            "#text": "Persistence via SilentProcessExit hijack"
          },
          {
            "@Name": "EventType",
            "#text": "SetValue"
          },
          {
            "@Name": "UtcTime",
            "#text": "2019-06-19 17:22:45.678"
          },
          {
            "@Name": "ProcessGuid",
            "#text": "{365abb72-6f63-5d0a-0000-0010f93a1300}"
          },
          {
            "@Name": "ProcessId",
            "#text": "1956"
          },
          {
            "@Name": "Image",
            "#text": "C:\\Windows\\system32\\reg.exe"
          },
          {
            "@Name": "TargetObject",
            "#text": "HKLM\\SOFTWARE\\Microsoft\\Windows NT\\CurrentVersion\\SilentProcessExit\\notepad.exe\\MonitorProcess"
          },
          {
            "@Name": "Details",
            "#text": "C:\\windows\\temp\\evil.exe"
          }
        ]
      }
    }
  },
  {
    "Event": {
      "@xmlns": "http://schemas.microsoft.com/win/2004/08/events/event",
      "System": {
        "Provider": {
          "@Name": "Microsoft-Windows-Sysmon",
          "@Guid": "{5770385f-c22a-43e0-bf4c-06f5698ffbd9}"
        },
        "EventID": {
          "@Qualifiers": "",
          "#text": "1"
        },
        "Version": "5",
        "Level": "4",
        "Task": "1",
        "Opcode": "0",
        "Keywords": "0x8000000000000000",
        "TimeCreated": {
          "@SystemTime": "2019-06-19 17:22:55.397139+00:00"
        },
        "EventRecordID": "8039",
        "Correlation": {
          "@ActivityID": "",
          "@RelatedActivityID": ""
        },
        "Execution": {
          "@ProcessID": "284",
          "@ThreadID": "2076"
        },
        "Channel": "Microsoft-Windows-Sysmon/Operational",
        "Computer": "IEWIN7",
        "Security": {
          "@UserID": "S-1-5-18"
        }
      },
      "EventData": {
        "Data": [
          {
            "@Name": "RuleName"
          },
          {
            "@Name": "UtcTime",
            "#text": "2019-06-19 17:22:55.381"
          },
          {
            "@Name": "ProcessGuid",
            "#text": "{365abb72-6f6f-5d0a-0000-001046451300}"
          },
          {
            "@Name": "ProcessId",
            "#text": "1352"
          },
          {
            "@Name": "Image",
            "#text": "C:\\Windows\\System32\\notepad.exe"
          },
          {
            "@Name": "FileVersion",
            "#text": "6.1.7600.16385 (win7_rtm.090713-1255)"
          },
          {
            "@Name": "Description",
            "#text": "Notepad"
          },
          {
            "@Name": "Product",
            "#text": "Microsoft\u00ae Windows\u00ae Operating System"
          },
          {
            "@Name": "Company",
            "#text": "Microsoft Corporation"
          },
          {
            "@Name": "CommandLine",
            "#text": "notepad"
          },
          {
            "@Name": "CurrentDirectory",
            "#text": "C:\\Windows\\system32\\"
          },
          {
            "@Name": "User",
            "#text": "IEWIN7\\IEUser"
          },
          {
            "@Name": "LogonGuid",
            "#text": "{365abb72-6d1b-5d0a-0000-0020a4340100}"
          },
          {
            "@Name": "LogonId",
            "#text": "0x00000000000134a4"
          },
          {
            "@Name": "TerminalSessionId",
            "#text": "1"
          },
          {
            "@Name": "IntegrityLevel",
            "#text": "High"
          },
          {
            "@Name": "Hashes",
            "#text": "SHA1=FC64B1EF19E7F35642B2A2EA5F5D9F4246866243,MD5=A4F6DF0E33E644E802C8798ED94D80EA,SHA256=B56AFE7165AD341A749D2D3BD925D879728A1FE4A4DF206145C1A69AA233F68B,IMPHASH=53A6715F589E88C4FD4541C81B4F57C3"
          },
          {
            "@Name": "ParentProcessGuid",
            "#text": "{365abb72-6d98-5d0a-0000-00109e420b00}"
          },
          {
            "@Name": "ParentProcessId",
            "#text": "3924"
          },
          {
            "@Name": "ParentImage",
            "#text": "C:\\Windows\\System32\\cmd.exe"
          },
          {
            "@Name": "ParentCommandLine",
            "#text": "\"C:\\Windows\\System32\\cmd.exe\""
          }
        ]
      }
    }
  },
  {
    "Event": {
      "@xmlns": "http://schemas.microsoft.com/win/2004/08/events/event",
      "System": {
        "Provider": {
          "@Name": "Microsoft-Windows-Sysmon",
          "@Guid": "{5770385f-c22a-43e0-bf4c-06f5698ffbd9}"
        },
        "EventID": {
          "@Qualifiers": "",
          "#text": "1"
        },
        "Version": "5",
        "Level": "4",
        "Task": "1",
        "Opcode": "0",
        "Keywords": "0x8000000000000000",
        "TimeCreated": {
          "@SystemTime": "2019-06-19 17:22:58.944012+00:00"
        },
        "EventRecordID": "8040",
        "Correlation": {
          "@ActivityID": "",
          "@RelatedActivityID": ""
        },
        "Execution": {
          "@ProcessID": "284",
          "@ThreadID": "2076"
        },
        "Channel": "Microsoft-Windows-Sysmon/Operational",
        "Computer": "IEWIN7",
        "Security": {
          "@UserID": "S-1-5-18"
        }
      },
      "EventData": {
        "Data": [
          {
            "@Name": "RuleName"
          },
          {
            "@Name": "UtcTime",
            "#text": "2019-06-19 17:22:58.928"
          },
          {
            "@Name": "ProcessGuid",
            "#text": "{365abb72-6f72-5d0a-0000-001004551300}"
          },
          {
            "@Name": "ProcessId",
            "#text": "2112"
          },
          {
            "@Name": "Image",
            "#text": "C:\\Windows\\Temp\\evil.exe"
          },
          {
            "@Name": "FileVersion",
            "#text": "6.1.7601.17514 (win7sp1_rtm.101119-1850)"
          },
          {
            "@Name": "Description",
            "#text": "Windows Command Processor"
          },
          {
            "@Name": "Product",
            "#text": "Microsoft\u00ae Windows\u00ae Operating System"
          },
          {
            "@Name": "Company",
            "#text": "Microsoft Corporation"
          },
          {
            "@Name": "CommandLine",
            "#text": "C:\\windows\\temp\\evil.exe"
          },
          {
            "@Name": "CurrentDirectory",
            "#text": "C:\\Windows\\system32\\"
          },
          {
            "@Name": "User",
            "#text": "IEWIN7\\IEUser"
          },
          {
            "@Name": "LogonGuid",
            "#text": "{365abb72-6d1b-5d0a-0000-0020a4340100}"
          },
          {
            "@Name": "LogonId",
            "#text": "0x00000000000134a4"
          },
          {
            "@Name": "TerminalSessionId",
            "#text": "1"
          },
          {
            "@Name": "IntegrityLevel",
            "#text": "High"
          },
          {
            "@Name": "Hashes",
            "#text": "SHA1=EE8CBF12D87C4D388F09B4F69BED2E91682920B5,MD5=AD7B9C14083B52BC532FBA5948342B98,SHA256=17F746D82695FA9B35493B41859D39D786D32B23A9D2E00F4011DEC7A02402AE,IMPHASH=CEEFB55F764020CC5C5F8F23349AB163"
          },
          {
            "@Name": "ParentProcessGuid",
            "#text": "{365abb72-6f72-5d0a-0000-0010eb501300}"
          },
          {
            "@Name": "ParentProcessId",
            "#text": "2128"
          },
          {
            "@Name": "ParentImage",
            "#text": "C:\\Windows\\System32\\WerFault.exe"
          },
          {
            "@Name": "ParentCommandLine",
            "#text": "\"C:\\Windows\\system32\\werfault.exe\" -s -t 1340 -i 1352 -e 1352 -c 0"
          }
        ]
      }
    }
  },
  {
    "Event": {
      "@xmlns": "http://schemas.microsoft.com/win/2004/08/events/event",
      "System": {
        "Provider": {
          "@Name": "Microsoft-Windows-Sysmon",
          "@Guid": "{5770385f-c22a-43e0-bf4c-06f5698ffbd9}"
        },
        "EventID": {
          "@Qualifiers": "",
          "#text": "1"
        },
        "Version": "5",
        "Level": "4",
        "Task": "1",
        "Opcode": "0",
        "Keywords": "0x8000000000000000",
        "TimeCreated": {
          "@SystemTime": "2019-06-19 17:23:01.928389+00:00"
        },
        "EventRecordID": "8041",
        "Correlation": {
          "@ActivityID": "",
          "@RelatedActivityID": ""
        },
        "Execution": {
          "@ProcessID": "284",
          "@ThreadID": "2076"
        },
        "Channel": "Microsoft-Windows-Sysmon/Operational",
        "Computer": "IEWIN7",
        "Security": {
          "@UserID": "S-1-5-18"
        }
      },
      "EventData": {
        "Data": [
          {
            "@Name": "RuleName"
          },
          {
            "@Name": "UtcTime",
            "#text": "2019-06-19 17:23:01.881"
          },
          {
            "@Name": "ProcessGuid",
            "#text": "{365abb72-6f75-5d0a-0000-001082611300}"
          },
          {
            "@Name": "ProcessId",
            "#text": "1224"
          },
          {
            "@Name": "Image",
            "#text": "C:\\Windows\\System32\\Macromed\\Flash\\FlashPlayerUpdateService.exe"
          },
          {
            "@Name": "FileVersion",
            "#text": "30,0,0,134"
          },
          {
            "@Name": "Description",
            "#text": "Adobe\u00ae Flash\u00ae Player Update Service 30.0 r0"
          },
          {
            "@Name": "Product",
            "#text": "Adobe\u00ae Flash\u00ae Player Update Service"
          },
          {
            "@Name": "Company",
            "#text": "Adobe Systems Incorporated"
          },
          {
            "@Name": "CommandLine",
            "#text": "C:\\Windows\\system32\\Macromed\\Flash\\FlashPlayerUpdateService.exe"
          },
          {
            "@Name": "CurrentDirectory",
            "#text": "C:\\Windows\\system32\\"
          },
          {
            "@Name": "User",
            "#text": "NT AUTHORITY\\SYSTEM"
          },
          {
            "@Name": "LogonGuid",
            "#text": "{365abb72-eba5-5d0a-0000-0020e7030000}"
          },
          {
            "@Name": "LogonId",
            "#text": "0x00000000000003e7"
          },
          {
            "@Name": "TerminalSessionId",
            "#text": "0"
          },
          {
            "@Name": "IntegrityLevel",
            "#text": "System"
          },
          {
            "@Name": "Hashes",
            "#text": "SHA1=F73252D1D103F0DEAD3725DC81AA6B9929392115,MD5=83F2FD354745C16CE5D5168432F7B4CE,SHA256=EBFDB6B0A90D752ED43992D00DE97F0457338BCDC12868FA51D238A15DB03562,IMPHASH=199C40F909C5F448ECBBEA46B5E39261"
          },
          {
            "@Name": "ParentProcessGuid",
            "#text": "{365abb72-6f75-5d0a-0000-0010595b1300}"
          },
          {
            "@Name": "ParentProcessId",
            "#text": "3428"
          },
          {
            "@Name": "ParentImage",
            "#text": "C:\\Windows\\System32\\taskeng.exe"
          },
          {
            "@Name": "ParentCommandLine",
            "#text": "taskeng.exe {9AAB3F76-4849-4F03-9560-B020B4D0233D} S-1-5-18:NT AUTHORITY\\System:Service:"
          }
        ]
      }
    }
  },
  {
    "Event": {
      "@xmlns": "http://schemas.microsoft.com/win/2004/08/events/event",
      "System": {
        "Provider": {
          "@Name": "Microsoft-Windows-Sysmon",
          "@Guid": "{5770385f-c22a-43e0-bf4c-06f5698ffbd9}"
        },
        "EventID": {
          "@Qualifiers": "",
          "#text": "1"
        },
        "Version": "5",
        "Level": "4",
        "Task": "1",
        "Opcode": "0",
        "Keywords": "0x8000000000000000",
        "TimeCreated": {
          "@SystemTime": "2019-06-19 17:23:01.990887+00:00"
        },
        "EventRecordID": "8042",
        "Correlation": {
          "@ActivityID": "",
          "@RelatedActivityID": ""
        },
        "Execution": {
          "@ProcessID": "284",
          "@ThreadID": "2076"
        },
        "Channel": "Microsoft-Windows-Sysmon/Operational",
        "Computer": "IEWIN7",
        "Security": {
          "@UserID": "S-1-5-18"
        }
      },
      "EventData": {
        "Data": [
          {
            "@Name": "RuleName"
          },
          {
            "@Name": "UtcTime",
            "#text": "2019-06-19 17:23:01.990"
          },
          {
            "@Name": "ProcessGuid",
            "#text": "{365abb72-6f75-5d0a-0000-0010e5671300}"
          },
          {
            "@Name": "ProcessId",
            "#text": "272"
          },
          {
            "@Name": "Image",
            "#text": "C:\\Windows\\System32\\Macromed\\Flash\\FlashPlayerUpdateService.exe"
          },
          {
            "@Name": "FileVersion",
            "#text": "30,0,0,134"
          },
          {
            "@Name": "Description",
            "#text": "Adobe\u00ae Flash\u00ae Player Update Service 30.0 r0"
          },
          {
            "@Name": "Product",
            "#text": "Adobe\u00ae Flash\u00ae Player Update Service"
          },
          {
            "@Name": "Company",
            "#text": "Adobe Systems Incorporated"
          },
          {
            "@Name": "CommandLine",
            "#text": "C:\\Windows\\system32\\Macromed\\Flash\\FlashPlayerUpdateService.exe"
          },
          {
            "@Name": "CurrentDirectory",
            "#text": "C:\\Windows\\system32\\"
          },
          {
            "@Name": "User",
            "#text": "NT AUTHORITY\\SYSTEM"
          },
          {
            "@Name": "LogonGuid",
            "#text": "{365abb72-eba5-5d0a-0000-0020e7030000}"
          },
          {
            "@Name": "LogonId",
            "#text": "0x00000000000003e7"
          },
          {
            "@Name": "TerminalSessionId",
            "#text": "0"
          },
          {
            "@Name": "IntegrityLevel",
            "#text": "System"
          },
          {
            "@Name": "Hashes",
            "#text": "SHA1=F73252D1D103F0DEAD3725DC81AA6B9929392115,MD5=83F2FD354745C16CE5D5168432F7B4CE,SHA256=EBFDB6B0A90D752ED43992D00DE97F0457338BCDC12868FA51D238A15DB03562,IMPHASH=199C40F909C5F448ECBBEA46B5E39261"
          },
          {
            "@Name": "ParentProcessGuid",
            "#text": "{365abb72-eba5-5d0a-0000-0010de5e0000}"
          },
          {
            "@Name": "ParentProcessId",
            "#text": "480"
          },
          {
            "@Name": "ParentImage",
            "#text": "C:\\Windows\\System32\\services.exe"
          },
          {
            "@Name": "ParentCommandLine",
            "#text": "C:\\Windows\\system32\\services.exe"
          }
        ]
      }
    }
  },
  {
    "Event": {
      "@xmlns": "http://schemas.microsoft.com/win/2004/08/events/event",
      "System": {
        "Provider": {
          "@Name": "Microsoft-Windows-Sysmon",
          "@Guid": "{5770385f-c22a-43e0-bf4c-06f5698ffbd9}"
        },
        "EventID": {
          "@Qualifiers": "",
          "#text": "1"
        },
        "Version": "5",
        "Level": "4",
        "Task": "1",
        "Opcode": "0",
        "Keywords": "0x8000000000000000",
        "TimeCreated": {
          "@SystemTime": "2019-06-19 17:23:02.350264+00:00"
        },
        "EventRecordID": "8043",
        "Correlation": {
          "@ActivityID": "",
          "@RelatedActivityID": ""
        },
        "Execution": {
          "@ProcessID": "284",
          "@ThreadID": "2076"
        },
        "Channel": "Microsoft-Windows-Sysmon/Operational",
        "Computer": "IEWIN7",
        "Security": {
          "@UserID": "S-1-5-18"
        }
      },
      "EventData": {
        "Data": [
          {
            "@Name": "RuleName"
          },
          {
            "@Name": "UtcTime",
            "#text": "2019-06-19 17:23:02.225"
          },
          {
            "@Name": "ProcessGuid",
            "#text": "{365abb72-6f76-5d0a-0000-001064701300}"
          },
          {
            "@Name": "ProcessId",
            "#text": "3744"
          },
          {
            "@Name": "Image",
            "#text": "C:\\Windows\\System32\\Macromed\\Flash\\FlashUtil32_30_0_0_134_Plugin.exe"
          },
          {
            "@Name": "FileVersion",
            "#text": "30,0,0,134"
          },
          {
            "@Name": "Description",
            "#text": "Adobe\u00ae Flash\u00ae Player Installer/Uninstaller 30.0 r0"
          },
          {
            "@Name": "Product",
            "#text": "Adobe\u00ae Flash\u00ae Player Installer/Uninstaller"
          },
          {
            "@Name": "Company",
            "#text": "Adobe Systems Incorporated"
          },
          {
            "@Name": "CommandLine",
            "#text": "C:\\Windows\\system32\\Macromed\\Flash\\FlashUtil32_30_0_0_134_Plugin.exe -check plugin"
          },
          {
            "@Name": "CurrentDirectory",
            "#text": "C:\\Windows\\system32\\"
          },
          {
            "@Name": "User",
            "#text": "IEWIN7\\IEUser"
          },
          {
            "@Name": "LogonGuid",
            "#text": "{365abb72-6d1b-5d0a-0000-0020fc340100}"
          },
          {
            "@Name": "LogonId",
            "#text": "0x00000000000134fc"
          },
          {
            "@Name": "TerminalSessionId",
            "#text": "1"
          },
          {
            "@Name": "IntegrityLevel",
            "#text": "Medium"
          },
          {
            "@Name": "Hashes",
            "#text": "SHA1=4B3FDC6CB1D25C9CB5C3D0A214CA860F19E7DE8B,MD5=34AD903009C24CA2A07ACE1A9AE14420,SHA256=C62B9559AE94B5A79A6BB28BDD926477989A92E04D519A1F5839C9C504D5CF04,IMPHASH=2EC68C558A5F724AF82FD6229781023B"
          },
          {
            "@Name": "ParentProcessGuid",
            "#text": "{365abb72-6f76-5d0a-0000-0010b86b1300}"
          },
          {
            "@Name": "ParentProcessId",
            "#text": "1704"
          },
          {
            "@Name": "ParentImage",
            "#text": "C:\\Windows\\System32\\taskeng.exe"
          },
          {
            "@Name": "ParentCommandLine",
            "#text": "taskeng.exe {CF661A9C-C1B0-45D5-BC80-11E48F3A0B96} S-1-5-21-3583694148-1414552638-2922671848-1000:IEWIN7\\IEUser:Interactive:LUA[1]"
          }
        ]
      }
    }
  },
  {
    "Event": {
      "@xmlns": "http://schemas.microsoft.com/win/2004/08/events/event",
      "System": {
        "Provider": {
          "@Name": "Microsoft-Windows-Sysmon",
          "@Guid": "{5770385f-c22a-43e0-bf4c-06f5698ffbd9}"
        },
        "EventID": {
          "@Qualifiers": "",
          "#text": "1"
        },
        "Version": "5",
        "Level": "4",
        "Task": "1",
        "Opcode": "0",
        "Keywords": "0x8000000000000000",
        "TimeCreated": {
          "@SystemTime": "2019-06-19 17:23:10.334639+00:00"
        },
        "EventRecordID": "8044",
        "Correlation": {
          "@ActivityID": "",
          "@RelatedActivityID": ""
        },
        "Execution": {
          "@ProcessID": "284",
          "@ThreadID": "2076"
        },
        "Channel": "Microsoft-Windows-Sysmon/Operational",
        "Computer": "IEWIN7",
        "Security": {
          "@UserID": "S-1-5-18"
        }
      },
      "EventData": {
        "Data": [
          {
            "@Name": "RuleName"
          },
          {
            "@Name": "UtcTime",
            "#text": "2019-06-19 17:23:08.928"
          },
          {
            "@Name": "ProcessGuid",
            "#text": "{365abb72-6f7c-5d0a-0000-0010fe201400}"
          },
          {
            "@Name": "ProcessId",
            "#text": "2396"
          },
          {
            "@Name": "Image",
            "#text": "C:\\Windows\\System32\\notepad.exe"
          },
          {
            "@Name": "FileVersion",
            "#text": "6.1.7600.16385 (win7_rtm.090713-1255)"
          },
          {
            "@Name": "Description",
            "#text": "Notepad"
          },
          {
            "@Name": "Product",
            "#text": "Microsoft\u00ae Windows\u00ae Operating System"
          },
          {
            "@Name": "Company",
            "#text": "Microsoft Corporation"
          },
          {
            "@Name": "CommandLine",
            "#text": "\"C:\\Windows\\system32\\notepad.exe\""
          },
          {
            "@Name": "CurrentDirectory",
            "#text": "C:\\Users\\IEUser\\"
          },
          {
            "@Name": "User",
            "#text": "IEWIN7\\IEUser"
          },
          {
            "@Name": "LogonGuid",
            "#text": "{365abb72-6d1b-5d0a-0000-0020fc340100}"
          },
          {
            "@Name": "LogonId",
            "#text": "0x00000000000134fc"
          },
          {
            "@Name": "TerminalSessionId",
            "#text": "1"
          },
          {
            "@Name": "IntegrityLevel",
            "#text": "Medium"
          },
          {
            "@Name": "Hashes",
            "#text": "SHA1=FC64B1EF19E7F35642B2A2EA5F5D9F4246866243,MD5=A4F6DF0E33E644E802C8798ED94D80EA,SHA256=B56AFE7165AD341A749D2D3BD925D879728A1FE4A4DF206145C1A69AA233F68B,IMPHASH=53A6715F589E88C4FD4541C81B4F57C3"
          },
          {
            "@Name": "ParentProcessGuid",
            "#text": "{365abb72-6d3f-5d0a-0000-00107d410600}"
          },
          {
            "@Name": "ParentProcessId",
            "#text": "2828"
          },
          {
            "@Name": "ParentImage",
            "#text": "C:\\Windows\\explorer.exe"
          },
          {
            "@Name": "ParentCommandLine",
            "#text": "C:\\Windows\\Explorer.EXE"
          }
        ]
      }
    }
  },
  {
    "Event": {
      "@xmlns": "http://schemas.microsoft.com/win/2004/08/events/event",
      "System": {
        "Provider": {
          "@Name": "Microsoft-Windows-Sysmon",
          "@Guid": "{5770385f-c22a-43e0-bf4c-06f5698ffbd9}"
        },
        "EventID": {
          "@Qualifiers": "",
          "#text": "1"
        },
        "Version": "5",
        "Level": "4",
        "Task": "1",
        "Opcode": "0",
        "Keywords": "0x8000000000000000",
        "TimeCreated": {
          "@SystemTime": "2019-06-19 17:23:11.694012+00:00"
        },
        "EventRecordID": "8045",
        "Correlation": {
          "@ActivityID": "",
          "@RelatedActivityID": ""
        },
        "Execution": {
          "@ProcessID": "284",
          "@ThreadID": "2076"
        },
        "Channel": "Microsoft-Windows-Sysmon/Operational",
        "Computer": "IEWIN7",
        "Security": {
          "@UserID": "S-1-5-18"
        }
      },
      "EventData": {
        "Data": [
          {
            "@Name": "RuleName"
          },
          {
            "@Name": "UtcTime",
            "#text": "2019-06-19 17:23:11.678"
          },
          {
            "@Name": "ProcessGuid",
            "#text": "{365abb72-6f7f-5d0a-0000-0010b66e1400}"
          },
          {
            "@Name": "ProcessId",
            "#text": "3800"
          },
          {
            "@Name": "Image",
            "#text": "C:\\Windows\\Temp\\evil.exe"
          },
          {
            "@Name": "FileVersion",
            "#text": "6.1.7601.17514 (win7sp1_rtm.101119-1850)"
          },
          {
            "@Name": "Description",
            "#text": "Windows Command Processor"
          },
          {
            "@Name": "Product",
            "#text": "Microsoft\u00ae Windows\u00ae Operating System"
          },
          {
            "@Name": "Company",
            "#text": "Microsoft Corporation"
          },
          {
            "@Name": "CommandLine",
            "#text": "C:\\windows\\temp\\evil.exe"
          },
          {
            "@Name": "CurrentDirectory",
            "#text": "C:\\Windows\\system32\\"
          },
          {
            "@Name": "User",
            "#text": "IEWIN7\\IEUser"
          },
          {
            "@Name": "LogonGuid",
            "#text": "{365abb72-6d1b-5d0a-0000-0020fc340100}"
          },
          {
            "@Name": "LogonId",
            "#text": "0x00000000000134fc"
          },
          {
            "@Name": "TerminalSessionId",
            "#text": "1"
          },
          {
            "@Name": "IntegrityLevel",
            "#text": "Medium"
          },
          {
            "@Name": "Hashes",
            "#text": "SHA1=EE8CBF12D87C4D388F09B4F69BED2E91682920B5,MD5=AD7B9C14083B52BC532FBA5948342B98,SHA256=17F746D82695FA9B35493B41859D39D786D32B23A9D2E00F4011DEC7A02402AE,IMPHASH=CEEFB55F764020CC5C5F8F23349AB163"
          },
          {
            "@Name": "ParentProcessGuid",
            "#text": "{365abb72-6f7f-5d0a-0000-0010816a1400}"
          },
          {
            "@Name": "ParentProcessId",
            "#text": "2856"
          },
          {
            "@Name": "ParentImage",
            "#text": "C:\\Windows\\System32\\WerFault.exe"
          },
          {
            "@Name": "ParentCommandLine",
            "#text": "\"C:\\Windows\\system32\\werfault.exe\" -s -t 3020 -i 2396 -e 2396 -c 0"
          }
        ]
      }
    }
  }
]