[
  {
    "Event": {
      "@xmlns": "http://schemas.microsoft.com/win/2004/08/events/event",
      "System": {
        "Provider": {
          "@Name": "Microsoft-Windows-Sysmon",
          "@Guid": "{5770385f-c22a-43e0-bf4c-06f5698ffbd9}"
        },
        "EventID": {
          "@Qualifiers": "",
          "#text": "13"
        },
        "Version": "2",
        "Level": "4",
        "Task": "13",
        "Opcode": "0",
        "Keywords": "0x8000000000000000",
        "TimeCreated": {
          "@SystemTime": "2020-12-18 17:56:07.017817+00:00"
        },
        "EventRecordID": "596571",
        "Correlation": {
          "@ActivityID": "",
          "@RelatedActivityID": ""
        },
        "Execution": {
          "@ProcessID": "3552",
          "@ThreadID": "5004"
        },
        "Channel": "Microsoft-Windows-Sysmon/Operational",
        "Computer": "MSEDGEWIN10",
        "Security": {
          "@UserID": "S-1-5-18"
        }
      },
      "EventData": {
        "Data": [
          {
            "@Name": "RuleName",
            "#text": "Hidden Local Account Created"
          },
          {
            "@Name": "EventType",
            "#text": "SetValue"
          },
          {
            "@Name": "UtcTime",
            "#text": "2020-12-18 17:56:07.015"
          },
          {
            "@Name": "ProcessGuid",
            "#text": "{747f3d96-68dd-5fdd-0000-00101b660000}"
          },
          {
            "@Name": "ProcessId",
            "#text": "648"
          },
          {
            "@Name": "Image",
            "#text": "C:\\Windows\\system32\\lsass.exe"
          },
          {
            "@Name": "TargetObject",
            "#text": "HKLM\\SAM\\SAM\\Domains\\Account\\Users\\Names\\hideme0007$\\(Default)"
          },
          {
            "@Name": "Details",
            "#text": "Binary Data"
          }
        ]
      }
    }
  }
]