[
  {
    "Event": {
      "@xmlns": "http://schemas.microsoft.com/win/2004/08/events/event",
      "System": {
        "Provider": {
          "@Name": "Microsoft-Windows-Application-Experience",
          "@Guid": "{eef54e71-0661-422d-9a98-82fd4940b820}"
        },
        "EventID": {
          "@Qualifiers": "",
          "#text": "500"
        },
        "Version": "0",
        "Level": "4",
        "Task": "0",
        "Opcode": "0",
        "Keywords": "0x1000000000000000",
        "TimeCreated": {
          "@SystemTime": "2019-03-19 17:06:22.938129+00:00"
        },
        "EventRecordID": "21",
        "Correlation": {
          "@ActivityID": "",
          "@RelatedActivityID": ""
        },
        "Execution": {
          "@ProcessID": "3936",
          "@ThreadID": "2156"
        },
        "Channel": "Microsoft-Windows-Application-Experience/Program-Telemetry",
        "Computer": "PC01.example.corp",
        "Security": {
          "@UserID": "S-1-5-21-1587066498-1489273250-1035260531-1106"
        }
      },
      "UserData": {
        "CompatibilityFixEvent": {
          "@xmlns:auto-ns2": "http://schemas.microsoft.com/win/2004/08/events",
          "@xmlns": "http://www.microsoft.com/Windows/Diagnosis/PCA/events",
          "ProcessId": "3936",
          "StartTime": "2019-03-19 17:06:22.908085+00:00",
          "FixID": "{8a23a24a-9a8d-44b6-a6d4-556c53a289b5}",
          "Flags": "0x00010205",
          "ExePath": "C:\\Windows\\System32\\osk.exe",
          "FixName": "CorrectFilePaths"
        }
      }
    }
  },
  {
    "Event": {
      "@xmlns": "http://schemas.microsoft.com/win/2004/08/events/event",
      "System": {
        "Provider": {
          "@Name": "Microsoft-Windows-Application-Experience",
          "@Guid": "{eef54e71-0661-422d-9a98-82fd4940b820}"
        },
        "EventID": {
          "@Qualifiers": "",
          "#text": "500"
        },
        "Version": "0",
        "Level": "4",
        "Task": "0",
        "Opcode": "0",
        "Keywords": "0x1000000000000000",
        "TimeCreated": {
          "@SystemTime": "2019-03-19 20:48:33.469625+00:00"
        },
        "EventRecordID": "22",
        "Correlation": {
          "@ActivityID": "",
          "@RelatedActivityID": ""
        },
        "Execution": {
          "@ProcessID": "3724",
          "@ThreadID": "1212"
        },
        "Channel": "Microsoft-Windows-Application-Experience/Program-Telemetry",
        "Computer": "PC01.example.corp",
        "Security": {
          "@UserID": "S-1-5-21-1587066498-1489273250-1035260531-1106"
        }
      },
      "UserData": {
        "CompatibilityFixEvent": {
          "@xmlns:auto-ns2": "http://schemas.microsoft.com/win/2004/08/events",
          "@xmlns": "http://www.microsoft.com/Windows/Diagnosis/PCA/events",
          "ProcessId": "3724",
          "StartTime": "2019-03-19 20:48:33.409538+00:00",
          "FixID": "{8a23a24a-9a8d-44b6-a6d4-556c53a289b5}",
          "Flags": "0x00010205",
          "ExePath": "C:\\Windows\\System32\\osk.exe",
          "FixName": "CorrectFilePaths"
        }
      }
    }
  },
  {
    "Event": {
      "@xmlns": "http://schemas.microsoft.com/win/2004/08/events/event",
      "System": {
        "Provider": {
          "@Name": "Microsoft-Windows-Application-Experience",
          "@Guid": "{eef54e71-0661-422d-9a98-82fd4940b820}"
        },
        "EventID": {
          "@Qualifiers": "",
          "#text": "500"
        },
        "Version": "0",
        "Level": "4",
        "Task": "0",
        "Opcode": "0",
        "Keywords": "0x1000000000000000",
        "TimeCreated": {
          "@SystemTime": "2019-03-19 20:49:27.877861+00:00"
        },
        "EventRecordID": "23",
        "Correlation": {
          "@ActivityID": "",
          "@RelatedActivityID": ""
        },
        "Execution": {
          "@ProcessID": "3916",
          "@ThreadID": "3912"
        },
        "Channel": "Microsoft-Windows-Application-Experience/Program-Telemetry",
        "Computer": "PC01.example.corp",
        "Security": {
          "@UserID": "S-1-5-21-1587066498-1489273250-1035260531-1106"
        }
      },
      "UserData": {
        "CompatibilityFixEvent": {
          "@xmlns:auto-ns2": "http://schemas.microsoft.com/win/2004/08/events",
          "@xmlns": "http://www.microsoft.com/Windows/Diagnosis/PCA/events",
          "ProcessId": "3916",
          "StartTime": "2019-03-19 20:49:27.827787+00:00",
          "FixID": "{8a23a24a-9a8d-44b6-a6d4-556c53a289b5}",
          "Flags": "0x00010205",
          "ExePath": "C:\\Windows\\System32\\osk.exe",
          "FixName": "CorrectFilePaths"
        }
      }
    }
  },
  {
    "Event": {
      "@xmlns": "http://schemas.microsoft.com/win/2004/08/events/event",
      "System": {
        "Provider": {
          "@Name": "Microsoft-Windows-Application-Experience",
          "@Guid": "{eef54e71-0661-422d-9a98-82fd4940b820}"
        },
        "EventID": {
          "@Qualifiers": "",
          "#text": "500"
        },
        "Version": "0",
        "Level": "4",
        "Task": "0",
        "Opcode": "0",
        "Keywords": "0x1000000000000000",
        "TimeCreated": {
          "@SystemTime": "2019-03-19 20:49:44.882311+00:00"
        },
        "EventRecordID": "24",
        "Correlation": {
          "@ActivityID": "",
          "@RelatedActivityID": ""
        },
        "Execution": {
          "@ProcessID": "2668",
          "@ThreadID": "3976"
        },
        "Channel": "Microsoft-Windows-Application-Experience/Program-Telemetry",
        "Computer": "PC01.example.corp",
        "Security": {
          "@UserID": "S-1-5-21-1587066498-1489273250-1035260531-1106"
        }
      },
      "UserData": {
        "CompatibilityFixEvent": {
          "@xmlns:auto-ns2": "http://schemas.microsoft.com/win/2004/08/events",
          "@xmlns": "http://www.microsoft.com/Windows/Diagnosis/PCA/events",
          "ProcessId": "2668",
          "StartTime": "2019-03-19 20:49:44.852268+00:00",
          "FixID": "{8a23a24a-9a8d-44b6-a6d4-556c53a289b5}",
          "Flags": "0x00010205",
          "ExePath": "C:\\Windows\\System32\\osk.exe",
          "FixName": "CorrectFilePaths"
        }
      }
    }
  },
  {
    "Event": {
      "@xmlns": "http://schemas.microsoft.com/win/2004/08/events/event",
      "System": {
        "Provider": {
          "@Name": "Microsoft-Windows-Application-Experience",
          "@Guid": "{eef54e71-0661-422d-9a98-82fd4940b820}"
        },
        "EventID": {
          "@Qualifiers": "",
          "#text": "500"
        },
        "Version": "0",
        "Level": "4",
        "Task": "0",
        "Opcode": "0",
        "Keywords": "0x1000000000000000",
        "TimeCreated": {
          "@SystemTime": "2019-03-19 20:52:26.034037+00:00"
        },
        "EventRecordID": "25",
        "Correlation": {
          "@ActivityID": "",
          "@RelatedActivityID": ""
        },
        "Execution": {
          "@ProcessID": "3848",
          "@ThreadID": "4008"
        },
        "Channel": "Microsoft-Windows-Application-Experience/Program-Telemetry",
        "Computer": "PC01.example.corp",
        "Security": {
          "@UserID": "S-1-5-21-1587066498-1489273250-1035260531-1106"
        }
      },
      "UserData": {
        "CompatibilityFixEvent": {
          "@xmlns:auto-ns2": "http://schemas.microsoft.com/win/2004/08/events",
          "@xmlns": "http://www.microsoft.com/Windows/Diagnosis/PCA/events",
          "ProcessId": "3848",
          "StartTime": "2019-03-19 20:52:25.993979+00:00",
          "FixID": "{8a23a24a-9a8d-44b6-a6d4-556c53a289b5}",
          "Flags": "0x00010205",
          "ExePath": "C:\\Windows\\System32\\osk.exe",
          "FixName": "CorrectFilePaths"
        }
      }
    }
  },
  {
    "Event": {
      "@xmlns": "http://schemas.microsoft.com/win/2004/08/events/event",
      "System": {
        "Provider": {
          "@Name": "Microsoft-Windows-Application-Experience",
          "@Guid": "{eef54e71-0661-422d-9a98-82fd4940b820}"
        },
        "EventID": {
          "@Qualifiers": "",
          "#text": "500"
        },
        "Version": "0",
        "Level": "4",
        "Task": "0",
        "Opcode": "0",
        "Keywords": "0x1000000000000000",
        "TimeCreated": {
          "@SystemTime": "2019-03-19 20:52:47.214493+00:00"
        },
        "EventRecordID": "26",
        "Correlation": {
          "@ActivityID": "",
          "@RelatedActivityID": ""
        },
        "Execution": {
          "@ProcessID": "3088",
          "@ThreadID": "3108"
        },
        "Channel": "Microsoft-Windows-Application-Experience/Program-Telemetry",
        "Computer": "PC01.example.corp",
        "Security": {
          "@UserID": "S-1-5-21-1587066498-1489273250-1035260531-1106"
        }
      },
      "UserData": {
        "CompatibilityFixEvent": {
          "@xmlns:auto-ns2": "http://schemas.microsoft.com/win/2004/08/events",
          "@xmlns": "http://www.microsoft.com/Windows/Diagnosis/PCA/events",
          "ProcessId": "3088",
          "StartTime": "2019-03-19 20:52:47.184448+00:00",
          "FixID": "{8a23a24a-9a8d-44b6-a6d4-556c53a289b5}",
          "Flags": "0x00010205",
          "ExePath": "C:\\Windows\\System32\\osk.exe",
          "FixName": "CorrectFilePaths"
        }
      }
    }
  },
  {
    "Event": {
      "@xmlns": "http://schemas.microsoft.com/win/2004/08/events/event",
      "System": {
        "Provider": {
          "@Name": "Microsoft-Windows-Application-Experience",
          "@Guid": "{eef54e71-0661-422d-9a98-82fd4940b820}"
        },
        "EventID": {
          "@Qualifiers": "",
          "#text": "500"
        },
        "Version": "0",
        "Level": "4",
        "Task": "0",
        "Opcode": "0",
        "Keywords": "0x1000000000000000",
        "TimeCreated": {
          "@SystemTime": "2019-03-19 20:58:31.749910+00:00"
        },
        "EventRecordID": "27",
        "Correlation": {
          "@ActivityID": "",
          "@RelatedActivityID": ""
        },
        "Execution": {
          "@ProcessID": "3204",
          "@ThreadID": "1368"
        },
        "Channel": "Microsoft-Windows-Application-Experience/Program-Telemetry",
        "Computer": "PC01.example.corp",
        "Security": {
          "@UserID": "S-1-5-18"
        }
      },
      "UserData": {
        "CompatibilityFixEvent": {
          "@xmlns:auto-ns2": "http://schemas.microsoft.com/win/2004/08/events",
          "@xmlns": "http://www.microsoft.com/Windows/Diagnosis/PCA/events",
          "ProcessId": "3204",
          "StartTime": "2019-03-19 20:58:31.719866+00:00",
          "FixID": "{8a23a24a-9a8d-44b6-a6d4-556c53a289b5}",
          "Flags": "0x00010205",
          "ExePath": "C:\\Windows\\system32\\utilman.exe",
          "FixName": "CorrectFilePaths"
        }
      }
    }
  }
]