[
  {
    "Event": {
      "@xmlns": "http://schemas.microsoft.com/win/2004/08/events/event",
      "System": {
        "Provider": {
          "@Name": "Microsoft-Windows-Sysmon",
          "@Guid": "{5770385f-c22a-43e0-bf4c-06f5698ffbd9}"
        },
        "EventID": {
          "@Qualifiers": "",
          "#text": "1"
        },
        "Version": "5",
        "Level": "4",
        "Task": "1",
        "Opcode": "0",
        "Keywords": "0x8000000000000000",
        "TimeCreated": {
          "@SystemTime": "2020-09-10 17:48:47.077612+00:00"
        },
        "EventRecordID": "380456",
        "Correlation": {
          "@ActivityID": "",
          "@RelatedActivityID": ""
        },
        "Execution": {
          "@ProcessID": "3312",
          "@ThreadID": "3928"
        },
        "Channel": "Microsoft-Windows-Sysmon/Operational",
        "Computer": "MSEDGEWIN10",
        "Security": {
          "@UserID": "S-1-5-18"
        }
      },
      "EventData": {
        "Data": [
          {
            "@Name": "RuleName",
            "#text": "-"
          },
          {
            "@Name": "UtcTime",
            "#text": "2020-09-10 17:48:39.678"
          },
          {
            "@Name": "ProcessGuid",
            "#text": "{747f3d96-66f7-5f5a-0500-00000000f600}"
          },
          {
            "@Name": "ProcessId",
            "#text": "388"
          },
          {
            "@Name": "Image",
            "#text": "C:\\Windows\\System32\\cmd.exe"
          },
          {
            "@Name": "FileVersion",
            "#text": "10.0.17763.592 (WinBuild.160101.0800)"
          },
          {
            "@Name": "Description",
            "#text": "Windows Command Processor"
          },
          {
            "@Name": "Product",
            "#text": "Microsoft\u00ae Windows\u00ae Operating System"
          },
          {
            "@Name": "Company",
            "#text": "Microsoft Corporation"
          },
          {
            "@Name": "OriginalFileName",
            "#text": "Cmd.Exe"
          },
          {
            "@Name": "CommandLine",
            "#text": "c:\\windows\\system32\\cmd.exe"
          },
          {
            "@Name": "CurrentDirectory",
            "#text": "c:\\windows\\system32\\"
          },
          {
            "@Name": "User",
            "#text": "NT AUTHORITY\\SYSTEM"
          },
          {
            "@Name": "LogonGuid",
            "#text": "{747f3d96-66f8-5f5a-e703-000000000000}"
          },
          {
            "@Name": "LogonId",
            "#text": "0x00000000000003e7"
          },
          {
            "@Name": "TerminalSessionId",
            "#text": "0"
          },
          {
            "@Name": "IntegrityLevel",
            "#text": "System"
          },
          {
            "@Name": "Hashes",
            "#text": "SHA1=8C5437CD76A89EC983E3B364E219944DA3DAB464,MD5=975B45B669930B0CC773EAF2B414206F,SHA256=3656F37A1C6951EC4496FABB8EE957D3A6E3C276D5A3785476B482C9C0D32EA2,IMPHASH=272245E2988E1E430500B852C4FB5E18"
          },
          {
            "@Name": "ParentProcessGuid",
            "#text": "{747f3d96-66f4-5f5a-0300-00000000f600}"
          },
          {
            "@Name": "ParentProcessId",
            "#text": "300"
          },
          {
            "@Name": "ParentImage",
            "#text": "C:\\Windows\\System32\\smss.exe"
          },
          {
            "@Name": "ParentCommandLine",
            "#text": "\\SystemRoot\\System32\\smss.exe"
          }
        ]
      }
    }
  }
]